GEOID,label,ALAND,bldg_area,street_len,nodes_num,poi_num,manufct_poi_num,transport_poi_num,trucking_poi_num,restaurant_poi_num,grocery_poi_num,tree_cover,builtup_cover,barren_cover,ttl_pop,pop_pct_white,pop_pct_black,mhh_income,geoid_o,visitor_flows,LST_basemodel,VF_basemodel,VF_DRDmodel,VF_baseErr,VF_DRDErr
25025030100,0,77344,60310.87756,453.6659799,25,23,0,0,0,3,1,9.557721139,90.36731634,0.074962519,2115,87.0922,1.2293,95469,25025030100,271,540.5338833,540.5338833,194.17944,269.5338833,-76.82055664
25025091300,1,262560,128707.7219,5782.967176,35,40,0,0,0,9,3,1.181928642,96.00132553,2.81674583,2626,11.31,27.2658,44570,25025091300,795,686.0610367,686.0610367,757.07166,-108.9389633,-37.92834473
25025110501,2,647837,209481.3907,10051.98423,62,15,0,0,0,3,0,35.05500402,64.33682139,0,3302,67.7468,8.1466,125195,25025110501,406,811.183119,811.183119,600.5271,405.183119,194.5270996
25025030500,3,191230,107665.1771,9100.525288,23,62,1,0,0,11,1,0.047579398,39.2411086,1.504698466,2715,88.2136,1.2155,171333,25025030500,238,-429.9079288,-429.9079288,467.0962,-667.9079288,229.0961914
25025010500,4,193266,134469.4034,12091.13903,24,71,1,2,1,15,1,0.420655643,96.28662605,0,3876,53.8184,7.8947,57202,25025010500,791,828.3998708,828.3998708,796.14014,37.39987081,5.140136719
25025140201,5,1322336,268076.6513,12771.27822,67,39,1,1,0,3,1,36.3129875,55.89327721,0.526185465,2311,33.1891,33.016,97522,25025140201,404,787.8763946,787.8763946,409.5111,383.8763946,5.511108398
25025082100,6,370577,189497.5084,4531.630678,37,30,0,0,0,9,2,11.13024421,88.86975579,0,5224,3.1394,50.8614,28351,25025082100,1723,950.2679272,950.2679272,1679.2571,-772.7320728,-43.74291992
25025050500,7,272242,91268.94257,7445.403042,17,9,0,0,0,0,1,14.09245846,70.53685556,0,2174,42.8703,2.0699,93929,25025050500,493,731.4026053,731.4026053,409.56982,238.4026053,-83.43017578
25025101101,8,587566,172266.1224,11922.41348,48,30,1,0,0,2,0,39.79657335,60.20342665,0,3522,3.0664,69.1652,52097,25025101101,901,872.5336058,872.5336058,1320.3667,-28.46639418,419.3666992
25025180500,9,823354,272638.2891,11397.71825,83,35,0,1,0,7,0,1.389759381,20.76645684,7.643676595,4089,75.642,2.3233,108147,25025180500,1238,-163.2247327,-163.2247327,1163.4661,-1401.224733,-74.53393555
25025120600,10,257295,118385.7412,1191.76587,33,31,0,0,0,9,0,31.66910853,68.33089147,0,2566,72.1746,4.5986,169766,25025120600,89,396.5748335,396.5748335,219.2959,307.5748335,130.2958984
25025091700,11,288865,105399.4506,3664.574419,32,19,0,0,0,5,1,21.99678586,72.88067497,0,3203,6.4939,40.9304,55357,25025091700,1077,935.2345258,935.2345258,1010.20374,-141.7654742,-66.79626465
25025060501,12,411742,224840.2691,7485.405224,42,110,0,0,1,21,2,3.575944921,91.45707461,0,4733,88.0414,0.655,138661,25025060501,388,291.7190499,291.7190499,567.77124,-96.2809501,179.7712402
25025050101,13,299770,158075.4237,4373.177046,23,16,1,0,0,2,2,0.184875954,60.11450382,0,4917,25.2593,3.5794,70066,25025050101,1093,989.4048421,989.4048421,1253.1283,-103.5951579,160.1282959
25025170502,14,924365,239909.8655,16315.50452,76,29,1,1,0,7,1,5.213236444,29.43501941,5.186217488,3407,65.9231,4.0211,87500,25025170502,1191,169.4215889,169.4215889,892.0231,-1021.578411,-298.9769287
25025010204,15,253410,158379.7426,8631.741943,32,65,1,0,0,18,1,0.320182962,99.67981704,0,3443,49.0851,4.8795,0,25025010204,458,1192.619631,1192.619631,644.6066,734.6196308,186.6066284
25025010404,16,136909,108020.7515,3600.145122,11,48,1,0,0,25,2,0.868828142,99.13117186,0,5747,57.2647,6.8558,72656,25025010404,403,644.4616123,644.4616123,426.36877,241.4616123,23.36877441
25025110607,17,1124028,361537.1772,16455.84925,88,81,0,1,0,13,4,38.65303171,57.13769239,0,5276,77.2176,5.0986,139591,25025110607,444,928.5115424,928.5115424,659.8906,484.5115424,215.890625
25025120104,18,405800,126820.5506,9490.926236,38,21,1,0,0,1,1,40.05149478,59.94850522,0,2373,66.161,6.4475,116513,25025120104,225,847.388764,847.388764,303.99573,622.388764,78.99572754
25025120201,19,713168,234525.8841,8264.594497,49,62,1,0,0,10,2,32.98533534,65.28415323,0,4360,53.9679,11.1009,116218,25025120201,536,945.2934229,945.2934229,363.00476,409.2934229,-172.9952393
25025980300,20,2081297,74391.36304,16137.48832,24,12,0,0,0,1,0,65.52904778,10.64695772,0,113,37.1681,48.6726,0,25025980300,286,775.2378622,775.2378622,376.06726,489.2378622,90.06726074
25025000704,21,239779,156866.4374,4825.793303,29,87,1,1,0,31,6,4.488265183,95.51173482,0,5312,50.2447,5.4029,90208,25025000704,595,719.8069222,719.8069222,611.24255,124.8069222,16.24255371
25025000703,22,178001,115470.6443,5768.680252,35,133,3,2,0,52,3,0,100,0,2442,51.1876,4.0541,141500,25025000703,288,225.2759977,225.2759977,179.61426,-62.7240023,-108.3857422
25025010802,23,156827,105155.9786,5656.911818,16,16,0,0,0,2,0,12.12569316,87.48613678,0,3058,80.2158,1.4388,250000,25025010802,192,-281.0512468,-281.0512468,155.66992,-473.0512468,-36.33007813
25025010405,24,364894,250376.8887,12045.58893,20,52,0,1,0,20,1,14.40031771,85.59968229,0,6853,55.348,9.9664,48051,25025010405,612,922.1644821,922.1644821,433.96436,310.1644821,-178.0356445
25025081001,25,559703,388155.8513,14428.12192,58,139,0,2,0,41,1,10.5871379,89.4128621,0,5695,34.3284,11.2204,41463,25025081001,1039,1118.136678,1118.136678,1239.2603,79.13667817,200.2602539
25025020101,26,219375,189821.2551,3505.39078,50,119,2,0,0,18,3,4.766921254,93.7318936,0,4235,86.0213,1.039,250000,25025020101,225,51.76706022,51.76706022,365.11377,-173.2329398,140.1137695
25025020301,27,262787,164271.3185,11547.02082,43,150,0,0,0,10,3,7.536805098,90.68336629,0,2166,59.4645,2.7701,164750,25025020301,581,655.1632919,655.1632919,546.21063,74.16329187,-34.78936768
25025020302,28,76786,63763.80079,1150.699311,15,29,0,0,0,10,2,0.341038272,99.65896173,0,1293,77.8809,3.2483,223125,25025020302,73,-465.1435089,-465.1435089,51.50769,-538.1435089,-21.49230957
25025040100,29,264111,128576.2699,10577.44916,45,57,1,3,1,11,0,2.264854783,87.87636557,0,2360,86.9068,0.7203,222625,25025040100,322,-136.2097119,-136.2097119,331.3069,-458.2097119,9.306884766
25025160300,30,572063,137999.2713,15858.88151,31,36,0,0,0,3,2,20.86494435,41.90033756,0,2753,55.7937,7.955,110938,25025160300,300,461.2006561,461.2006561,526.6041,161.2006561,226.604126
25025050901,31,615897,208325.4552,19696.23033,74,80,1,3,0,22,4,0.828149863,66.78359612,0,4242,25.719,1.8152,55943,25025050901,1098,1314.432004,1314.432004,1305.4368,216.432004,207.4367676
25025051000,32,1043220,300740.6616,15904.45716,50,56,1,2,0,7,2,9.741279741,62.2961423,0,4317,44.151,2.965,83922,25025051000,1107,955.2019995,955.2019995,1196.9565,-151.7980005,89.95654297
25025180301,33,721123,263106.8288,7947.259523,67,28,0,0,0,4,1,10.00902238,56.62271894,0,3169,86.0208,0.7573,120450,25025180301,882,381.3919193,381.3919193,1159.0079,-500.6080807,277.0079346
25025170601,34,1287845,395645.22,21287.93147,130,99,0,0,0,8,4,12.28763167,75.16352362,0.957781176,6247,40.9477,2.8494,94583,25025170601,2771,1656.504096,1656.504096,2438.1199,-1114.495904,-332.880127
25025981502,35,1252194,208862.6296,14290.38835,18,33,0,0,0,5,2,8.145875937,57.22335833,5.821404226,7,0,0,0,25025981502,124,631.2306354,631.2306354,137.15979,507.2306354,13.15979004
25025160601,36,673912,205266.7822,15670.14845,46,37,0,0,0,5,0,18.4865102,80.90370695,0,4331,27.8227,7.504,74907,25025160601,1317,1281.073883,1281.073883,1192.592,-35.92611731,-124.407959
25025180101,37,1137875,320090.2193,13102.9091,74,62,3,1,0,7,3,13.50634212,36.29656897,0,5804,77.55,2.2743,79238,25025180101,1386,983.3026256,983.3026256,1214.6896,-402.6973744,-171.3104248
25025180400,38,582575,139202.0628,13261.79178,53,26,0,0,0,1,0,2.554714832,48.20600439,0,1928,80.6017,3.7344,129053,25025180400,474,137.0339327,137.0339327,634.5016,-336.9660673,160.5015869
25025060301,39,272519,170452.3465,2317.041196,23,72,0,0,0,13,5,0,100,0,3609,93.3222,0.8867,156563,25025060301,222,-3.401253233,-3.401253233,229.43701,-225.4012532,7.437011719
25025080100,40,1026664,508119.4109,24503.76806,92,121,1,2,0,19,10,4.901462533,92.01818284,0,2900,19.7241,34.8966,51576,25025080100,656,685.4427417,685.4427417,1141.4768,29.44274165,485.4768066
25025061101,41,165282,47787.68549,541.5713927,12,3,0,0,0,0,1,52.04739502,47.95260498,0,2710,19.0406,19.1144,14028,25025061101,566,1611.730383,1611.730383,630.2886,1045.730383,64.28857422
25025100700,42,1211115,327845.8125,8143.136794,94,106,1,0,0,13,2,9.760207388,62.76517606,0,4332,86.0803,3.2318,147394,25025100700,770,649.1996443,649.1996443,811.3627,-120.8003557,41.3626709
25025120103,43,340186,131985.13,2829.998109,27,56,1,0,0,18,1,71.73042515,26.77004345,0,1642,78.9281,3.5323,210231,25025120103,99,280.9057391,280.9057391,164.26526,181.9057391,65.26525879
25025130406,44,1052304,246951.4589,4207.73241,62,32,0,0,0,4,1,46.81312051,46.46755526,0,5639,28.6044,35.9993,52417,25025130406,960,1414.025782,1414.025782,543.529,454.0257818,-416.4710083
25025130404,45,1601540,219440.8476,13358.34744,80,34,0,0,0,5,1,69.73026619,21.68326658,3.615354624,3073,59.5184,12.3983,104500,25025130404,955,1036.270673,1036.270673,809.4971,81.27067318,-145.5029297
25025160602,46,730924,236399.7897,18935.64644,107,30,0,0,0,8,3,20.01743057,77.96220734,0,5493,26.2698,9.5212,65051,25025160602,1000,1741.40197,1741.40197,1177.5583,741.4019701,177.5583496
25025170702,47,697331,282409.2016,15483.17514,84,73,2,1,0,12,11,17.5039442,82.40056464,0,7995,24.778,4.5403,44805,25025170702,2082,2005.748092,2005.748092,2181.9934,-76.25190845,99.9934082
25025010408,48,43381,26832.69351,865.3203855,7,4,0,0,0,4,0,1.137884873,98.86211513,0,1438,57.0932,2.7121,96250,25025010408,151,457.3145338,457.3145338,87.372925,306.3145338,-63.6270752
25025010701,49,202021,133652.2423,10693.41374,14,376,4,1,1,78,4,21.14860014,78.85139986,0,2543,77.1923,2.0842,181875,25025010701,282,199.0964351,199.0964351,318.16858,-82.90356487,36.1685791
25025160501,50,385601,193598.4917,5673.665885,37,32,0,0,0,5,3,3.22895547,96.77104453,0,6105,12.0066,4.6028,82148,25025160501,1349,1400.886623,1400.886623,1363.8912,51.88662312,14.89123535
25025110403,51,942866,276559.0542,10890.57454,80,13,0,0,0,0,0,51.65328367,48.34671633,0,4437,47.8251,20.5995,137454,25025110403,1052,1077.117214,1077.117214,1115.8171,25.11721379,63.81713867
25025040801,52,950452,333864.4234,12283.69687,38,68,1,1,0,7,3,1.167275508,53.39223515,0,4036,50.669,9.7374,126250,25025040801,668,229.6409792,229.6409792,711.3417,-438.3590208,43.3416748
25025071201,53,412277,204068.5092,14035.05256,38,128,1,2,0,15,0,0.281373101,97.36212718,0,3514,41.3204,16.8754,63333,25025071201,677,1072.748456,1072.748456,707.8249,395.7484564,30.82489014
25025120301,54,657613,296514.1383,11684.32602,67,83,2,0,0,13,4,27.95239145,72.04760855,0,5120,44.4141,12.4414,123625,25025120301,1055,1076.270265,1076.270265,1064.7781,21.27026484,9.778076172
25025120105,55,1839766,312799.7562,13671.79743,93,39,0,0,0,0,1,82.49602719,13.60511037,0,2492,76.0835,4.8154,201726,25025120105,155,936.3899568,936.3899568,382.02295,781.3899568,227.0229492
25025140105,56,1009264,238741.0305,9522.328267,58,31,0,0,0,5,1,56.30426033,43.62962111,0,3592,31.4866,30.1503,90500,25025140105,651,1121.206463,1121.206463,671.5032,470.2064628,20.50317383
25025981300,57,6986630,876281.3822,49223.26727,76,186,1,32,0,77,5,0.630772176,58.98792588,0,79,68.3544,5.0633,0,25025981300,252,250.3497277,250.3497277,221.4425,-1.650272305,-30.55749512
25025010300,58,507208,354648.5257,11703.44808,34,89,0,0,0,21,0,15.63536544,84.15875558,0,5186,69.1091,6.344,90333,25025010300,229,570.6514663,570.6514663,204.75085,341.6514663,-24.24914551
25025981100,59,2499660,58530.61812,19591.21659,20,17,0,0,0,0,0,56.79821278,6.190766821,0,97,27.8351,19.5876,0,25025981100,533,1184.808098,1184.808098,396.54944,651.8080984,-136.4505615
25025981800,60,714668,3496.336328,18750.62672,45,15,0,0,0,0,0,54.06343443,11.61896625,0,23,65.2174,8.6957,0,25025981800,201,1298.651768,1298.651768,98.681885,1097.651768,-102.3181152
25025981700,61,313765,12427.07908,4894.595226,15,15,0,0,0,1,0,69.96298255,21.04706504,0,4,25,0,0,25025981700,11496,1892.209907,1892.209907,10991.482,-9603.790093,-504.5175781
25025981501,62,897746,17677.58485,36479.95446,45,17,0,0,0,2,0,12.95311611,15.31049994,0,13,38.4615,0,0,25025981501,796,931.4202077,931.4202077,841.5366,135.4202077,45.53662109
25025990101,63,0,160.709394,10155.59041,0,0,0,0,0,0,0,0,0,0,0,0,0,0,25025990101,153,799.5955731,799.5955731,200.08398,646.5955731,47.08398438
25025981201,64,799562,44470.49652,17890.19413,53,16,0,0,0,3,0,1.954446263,12.73049645,5.755591926,0,0,0,0,25025981201,24,801.0214572,801.0214572,13.102051,777.0214572,-10.89794922
25025010600,65,339678,394456.8066,18324.29995,45,390,4,3,0,61,3,0,96.48524143,0.648353523,3529,70.0482,4.2222,210391,25025010600,754,297.6629497,297.6629497,1056.3689,-456.3370503,302.3688965
25025070600,66,133036,79773.66295,3491.976668,15,87,0,0,0,9,0,17.63295554,82.36704446,0,2287,78.9244,4.3288,247250,25025070600,52,-117.137743,-117.137743,-116.76416,-169.137743,-168.7641602
25025120500,67,213706,99336.47204,3428.32753,25,47,0,0,0,9,4,17.08146335,82.91853665,0,2423,38.0933,10.9369,89345,25025120500,409,812.2562361,812.2562361,804.42596,403.2562361,395.4259644
25025160200,68,222150,134309.1757,7262.431468,37,104,3,0,0,9,3,0,99.85643435,0,4154,9.4608,3.6351,50676,25025160200,859,1782.796831,1782.796831,806.8801,923.7968307,-52.11987305
25025110301,69,817931,212718.9582,7895.814225,74,59,0,0,0,8,4,42.98320221,45.73676377,0,2500,40.88,24.28,88575,25025110301,429,1043.776095,1043.776095,523.1466,614.7760949,94.14660645
25025100603,70,872496,209393.9016,19995.31928,70,73,5,1,0,6,3,6.900381477,56.50924719,0.615674344,2172,64.0424,10.4052,93684,25025100603,285,703.1772266,703.1772266,302.71777,418.1772266,17.71777344
25025010103,71,288105,171893.8875,10649.75294,19,66,1,2,0,22,2,5.806581463,90.93287713,0,4697,56.6532,7.4941,222386,25025010103,32,-107.000581,-107.000581,-86.77417,-139.000581,-118.7741699
25025070402,72,247190,136088.5067,14142.06942,23,58,1,1,0,16,4,4.623327857,95.37667214,0,3561,41.3648,10.5027,33276,25025070402,486,944.4778039,944.4778039,515.4436,458.4778039,29.44360352
25025140107,73,627360,179567.901,7465.809265,49,8,0,0,0,0,0,55.67997779,44.16269492,0,2778,26.8898,37.149,97404,25025140107,616,956.5911624,956.5911624,692.3701,340.5911624,76.37011719
25025981202,74,1696453,505862.4418,16436.40185,34,95,5,2,0,18,0,1.268414766,52.19612081,7.098572322,6,16.6667,0,0,25025981202,298,288.6643782,288.6643782,322.39795,-9.335621784,24.39794922
25025051101,75,1159397,340454.7363,13089.46479,91,68,0,1,0,17,2,12.24083325,48.43438796,0.416299344,6460,42.4303,4.257,49744,25025051101,1578,1381.795132,1381.795132,1508.8872,-196.204868,-69.11279297
25025981600,76,586981,7577.712653,4138.283533,2,11,0,0,0,1,0,21.47391901,17.04701441,0,2,0,0,0,25025981600,59,1278.158943,1278.158943,155.3927,1219.158943,96.3927002
25025090901,77,1173210,378287.6007,19574.08841,57,49,0,0,0,8,1,10.67920506,54.06228584,0,3600,27.9722,14.7222,34583,25025090901,674,856.9412646,856.9412646,591.6437,182.9412646,-82.35632324
25025092101,78,1306107,440494.1119,31579.23952,140,160,1,0,0,26,5,9.944190766,81.65060037,0,6921,27.4527,18.2055,57166,25025092101,1567,1763.920996,1763.920996,1498.0157,196.9209961,-68.98425293
25025981000,79,1134184,4738.944809,11198.11067,15,4,0,0,0,0,0,91.89705695,5.503885845,0,11,18.1818,9.0909,0,25025981000,28,1974.841376,1974.841376,64.926636,1946.841376,36.92663574
25025170701,80,508436,143503.1551,15293.85513,75,37,0,1,0,14,0,11.76290464,65.32370954,5.778652668,2702,44.3745,4.4041,62554,25025170701,666,688.3224529,688.3224529,907.235,22.32245289,241.2349854
25025980101,81,3270316,482386.7087,0,0,13,0,0,0,1,0,16.0360007,6.658507229,0.948365633,0,0,0,0,25025980101,16,446.7907668,446.7907668,18.65503,430.7907668,2.655029297
25025091001,82,1186269,279091.3331,29994.63913,83,75,1,3,0,14,4,17.11467456,52.69429035,0.454845442,3255,54.255,8.4485,76839,25025091001,610,894.5275781,894.5275781,786.98236,284.5275781,176.9823608
25025040401,83,433403,129472.9488,16231.28339,57,76,0,0,0,16,3,6.747731855,88.30645161,0,2922,75.4962,2.3272,131949,25025040401,297,474.0890426,474.0890426,189.67798,177.0890426,-107.3220215
25025140202,84,1538599,352678.9342,9590.436068,113,37,0,0,0,6,1,59.55902927,39.37771643,0,5824,34.5124,32.9842,116382,25025140202,1336,1461.185848,1461.185848,1513.1958,125.1858482,177.1958008
25025140300,85,1548879,486558.8718,16954.32009,114,198,1,1,1,27,6,33.17676731,63.56093282,0,6843,13.4444,53.7922,71404,25025140300,1773,1350.546799,1350.546799,1589.5298,-422.4532014,-183.4702148
25025050400,86,131981,81855.21468,2223.789163,20,65,3,0,0,13,5,5.600702833,91.85152647,0,2372,45.9528,1.7285,53750,25025050400,448,1039.939146,1039.939146,518.0735,591.9391463,70.07348633
25025140400,87,1874512,457633.7338,17626.35449,147,51,2,0,0,7,2,47.54779078,49.00727435,0,7859,6.2731,65.7081,67364,25025140400,1688,1685.610668,1685.610668,1675.2605,-2.389331977,-12.73950195
25025160400,88,1299118,578926.2566,35474.19095,99,233,5,0,0,44,31,1.425267933,97.55191889,0.413572286,3878,21.0676,7.0139,60573,25025160400,875,688.1619122,688.1619122,864.42676,-186.8380878,-10.57324219
25025170200,89,998542,302358.3801,15867.59459,76,31,0,0,0,8,1,20.96306604,75.59285673,0,5305,52.8935,4.8822,49740,25025170200,1452,1362.630551,1362.630551,1642.7694,-89.36944887,190.7694092
25025170400,90,2322679,435479.0217,12970.17153,111,141,2,2,1,31,7,11.21813382,69.78178368,0,5761,44.6797,5.0338,106458,25025170400,1825,1125.683846,1125.683846,1623.4205,-699.3161535,-201.5794678
25025140106,91,278837,85519.11199,1406.088065,13,11,0,0,0,4,0,37.24521309,60.1297097,0,2178,15.0138,45.9137,58021,25025140106,528,703.6922447,703.6922447,268.45947,175.6922447,-259.5405273
25025110201,92,348208,98397.94863,8061.58008,37,29,0,0,0,6,0,46.18269712,53.6006001,0,2091,16.2123,35.1506,72250,25025110201,484,1053.050838,1053.050838,741.9442,569.050838,257.9442139
25025980700,93,2888945,22056.73865,21916.41377,33,15,0,0,0,1,0,83.63249043,2.848238589,0,7,28.5714,0,0,25025980700,52,1976.899098,1976.899098,134.31274,1924.899098,82.31274414
25025170800,94,861864,249383.6926,7129.390192,88,24,0,0,0,1,3,8.408842095,49.27674641,0,5773,46.4923,3.2912,75066,25025170800,1368,1320.65378,1320.65378,1296.0303,-47.34622013,-71.96972656
25025080601,95,561665,260977.9608,13138.93722,56,77,0,0,0,19,5,15.74351555,81.62137026,1.317557094,4732,36.9611,15.4691,27604,25025080601,1032,1078.198802,1078.198802,1205.6802,46.19880164,173.6801758
25025020200,96,108297,93436.5668,1855.861547,16,81,0,1,0,16,3,1.647757969,98.35224203,0,3804,75.4469,4.3638,172188,25025020200,230,158.5080431,158.5080431,307.66577,-71.4919569,77.66577148
25025030200,97,58261,47446.69334,2181.047847,21,44,3,0,0,16,3,0,100,0,1815,85.8402,0.7163,126339,25025030200,296,179.3608479,179.3608479,55.147705,-116.6391521,-240.8522949
25025030400,98,165170,134759.979,9864.848916,42,188,4,0,0,64,5,4.319578578,95.68042142,0,4160,84.399,1.6587,221944,25025030400,199,-321.2096658,-321.2096658,578.6804,-520.2096658,379.6804199
25025040200,99,141296,53650.29185,8603.332588,21,5,0,0,0,2,0,0,100,0,1594,52.5094,12.3588,118542,25025040200,245,288.6049286,288.6049286,158.65625,43.60492858,-86.34375
25025040300,100,279606,174443.8543,6544.167855,64,46,0,0,0,6,1,1.430644827,98.56935517,0,4525,77.4807,4.9945,157917,25025040300,740,562.9103958,562.9103958,666.7075,-177.0896042,-73.29248047
25025050200,101,243271,148682.9397,4619.886405,24,82,0,0,0,23,4,3.037160553,96.96283945,0,5197,28.2278,2.3283,49349,25025050200,1336,1213.604322,1213.604322,894.22815,-122.3956778,-441.7718506
25025050300,102,355332,163321.7226,7690.171094,15,55,0,0,0,11,2,0.970326529,41.41401941,0,3258,38.3978,8.6863,60556,25025050300,819,461.2580539,461.2580539,887.48926,-357.7419461,68.48925781
25025050700,103,267935,118680.9224,8778.299216,21,46,1,0,0,10,3,6.488590894,91.97577593,0,4520,28.0531,2.6991,43615,25025050700,1156,1315.401784,1315.401784,1087.6573,159.4017837,-68.34265137
25025010104,104,281681,129832.8373,21514.85837,37,119,1,0,0,22,1,3.548998106,95.81297976,0,5063,61.9198,3.6342,168333,25025010104,428,515.1904093,515.1904093,347.41724,87.1904093,-80.58276367
25025050600,105,171854,77911.7652,12906.49639,39,73,1,0,0,14,6,0,100,0,2074,33.7994,2.2179,59602,25025050600,234,1058.821838,1058.821838,328.49487,824.8218376,94.49487305
25025010702,106,300176,218870.6652,8696.601452,21,644,3,1,1,50,1,20.01351612,76.58814443,1.728132844,2328,79.7251,2.2337,216250,25025010702,1220,1360.643439,1360.643439,1115.2327,140.6434386,-104.767334
25025010801,107,132039,88272.8803,6011.290412,17,38,0,0,0,0,1,16.27855888,80.79964851,0,2856,78.2563,3.0112,250000,25025010801,154,-151.6381189,-151.6381189,449.15698,-305.6381189,295.1569824
25025010403,108,88555,77374.87319,3776.970082,13,72,0,0,0,36,3,0,99.08286931,0,3179,49.4181,7.7383,53177,25025010403,405,453.1689704,453.1689704,420.93127,48.1689704,15.93127441
25025160502,109,1159995,371913.5729,15347.09967,46,119,4,0,0,18,7,2.828250272,73.68961766,0.513677934,5604,18.7009,5.6031,51434,25025160502,1183,1224.003472,1224.003472,1130.7416,41.0034722,-52.25842285
25025110401,110,522960,188564.0085,4767.382744,50,38,0,1,0,6,1,39.88464951,53.0445874,0,3625,35.3655,24.8828,83804,25025110401,308,1112.526538,1112.526538,506.92828,804.5265379,198.9282837
25025120400,111,999846,393554.529,7517.793904,118,138,2,0,0,21,4,56.64268724,43.26158844,0,6006,72.4109,5.7942,164333,25025120400,574,1473.096316,1473.096316,469.88696,899.0963161,-104.1130371
25025120700,112,310598,150547.134,8284.60225,36,28,0,0,0,6,1,18.64090358,74.21823952,0,2139,59.4203,7.9944,141750,25025120700,120,358.3025524,358.3025524,-195.25964,238.3025524,-315.2596436
25025130300,113,1442464,424177.4272,12496.42482,149,57,0,0,0,4,1,61.77079772,36.19618331,0,4496,78.8034,3.6699,163701,25025130300,545,1482.471648,1482.471648,661.1478,937.4716484,116.1478271
25025051200,114,429412,150372.934,8962.945932,40,28,3,2,0,4,3,7.043093437,37.88330561,3.201406108,3454,58.3961,2.4609,97472,25025051200,369,424.783266,424.783266,522.84644,55.78326596,153.8464355
25025060200,115,170385,97139.77747,2953.201713,28,4,0,0,0,1,1,0,99.31903303,0.680966973,2328,92.311,0.3007,150417,25025060200,347,13.79560815,13.79560815,391.38232,-333.2043919,44.38232422
25025060400,116,399279,214926.0131,4406.630989,60,44,0,0,0,7,0,7.913094027,89.65266676,1.50414184,5195,91.2416,0.5197,165395,25025060400,572,391.3668862,391.3668862,595.1062,-180.6331138,23.10620117
25025060700,117,128227,59169.95829,3263.024355,17,8,0,0,0,0,0,0,100,0,1689,13.5583,20.1895,20568,25025060700,547,1083.986067,1083.986067,510.83862,536.9860671,-36.16137695
25025060800,118,343013,220713.3833,7666.955517,67,85,2,1,0,19,2,0,99.59414898,0.405851019,4859,86.4581,0.9261,180750,25025060800,385,389.66107,389.66107,375.96118,4.661070016,-9.038818359
25025061000,119,159578,73961.99781,2145.707148,29,10,0,0,0,1,3,0,98.96325937,0,2416,48.3444,13.8245,63152,25025061000,453,739.5074303,739.5074303,335.88525,286.5074303,-117.1147461
25025070700,120,162697,107923.4435,7881.99592,16,79,1,1,0,20,2,17.81066144,82.18933856,0,2527,54.2936,19.2323,0,25025070700,309,963.1805029,963.1805029,237.20508,654.1805029,-71.79492188
25025180200,121,1067654,344983.1274,18826.82606,102,99,1,0,0,18,2,7.894254559,61.04645835,0,4326,77.9242,2.0573,114107,25025180200,1864,735.6797737,735.6797737,1506.5786,-1128.320226,-357.4213867
25025060101,122,295623,157931.0949,3711.93326,29,19,0,0,0,2,0,0,94.2983317,0,3673,92.5674,0.4084,184375,25025060101,380,-35.16419003,-35.16419003,307.00757,-415.16419,-72.99243164
25025000503,123,139947,62801.14994,2164.981599,22,9,0,1,0,0,0,17.593361,82.406639,0,2418,67.0389,3.3912,111580,25025000503,129,716.6176352,716.6176352,476.83264,587.6176352,347.8326416
25025080300,124,268833,112150.8323,6183.983329,36,33,0,0,0,8,2,17.20824787,81.61502753,0,2236,6.5295,46.7352,62031,25025080300,575,680.013784,680.013784,567.28265,105.013784,-7.717346191
25025080401,125,440308,176225.0299,13172.16262,65,71,1,0,0,11,5,13.33772219,85.70111916,0,3391,10.3804,35.8006,18719,25025080401,618,1322.041093,1322.041093,671.46405,704.0410928,53.46405029
25025080500,126,244076,81362.59022,3536.452813,24,20,0,0,0,3,0,3.956278959,93.01413805,0,3288,9.3674,37.5304,45238,25025080500,919,901.0187007,901.0187007,734.60333,-17.98129926,-184.3966675
25025080801,127,364890,149588.4982,6389.109248,45,29,0,1,0,4,1,7.187673735,92.81232626,0,4282,28.9117,21.9524,28750,25025080801,577,1318.107775,1318.107775,432.01123,741.1077749,-144.9887695
25025080900,128,256492,123679.7055,4374.095831,31,59,0,0,0,19,3,24.00497512,75.99502488,0,4376,50.1371,7.2898,78452,25025080900,577,981.4851585,981.4851585,569.57117,404.4851585,-7.428833008
25025081200,129,269261,115106.8317,4625.782966,37,40,1,0,0,6,3,18.45026404,81.54973596,0,3506,16.4575,26.0411,32098,25025081200,817,1327.572805,1327.572805,617.71313,510.5728052,-199.2868652
25025081400,130,620480,173158.8333,10648.79867,69,42,0,0,0,4,1,32.86327979,67.13672021,0,3774,31.0546,35.0821,100682,25025081400,728,1030.478638,1030.478638,742.8359,302.4786382,14.83587646
25025081500,131,336293,112701.2484,4932.194924,37,13,0,0,0,1,1,48.50836351,51.49163649,0,2449,16.5782,45.2021,55577,25025081500,592,1036.994543,1036.994543,411.8612,444.9945427,-180.1387939
25025081700,132,633875,205990.8675,10685.70507,87,43,0,1,0,2,2,29.13674002,69.69669244,0,4141,6.1338,56.4356,42286,25025081700,1653,1374.947521,1374.947521,1762.5032,-278.0524789,109.5031738
25025081800,133,373922,163327.3504,4739.801956,39,38,1,0,0,2,0,20.6283941,79.3716059,0,3567,7.1769,53.9108,43750,25025081800,932,983.1158445,983.1158445,717.88684,51.11584447,-214.1131592
25025081900,134,433381,168786.846,9350.28761,53,20,0,0,0,1,0,27.40046838,72.59953162,0,3671,3.4595,54.018,81136,25025081900,899,871.6827504,871.6827504,974.88916,-27.3172496,75.88916016
25025082000,135,392156,155994.306,3799.518386,35,28,0,0,0,2,1,29.31352989,70.68647011,0,3195,4.0376,58.9045,80380,25025082000,1045,663.7649384,663.7649384,1006.5209,-381.2350616,-38.47912598
25025090100,136,446964,204620.0731,7085.829035,67,55,2,0,0,11,0,6.739313745,92.90393721,0,5171,2.572,56.6622,33139,25025090100,1732,1172.168407,1172.168407,1728.2313,-559.8315928,-3.768676758
25025090200,137,273671,114486.497,6794.413871,35,44,0,0,0,6,5,8.29800763,91.68079695,0,2412,4.3532,38.6816,34773,25025090200,578,927.4080839,927.4080839,674.45337,349.4080839,96.45336914
25025090300,138,380394,152886.7919,3542.902417,37,33,0,0,0,2,1,12.33221477,87.66778523,0,3795,2.1607,47.747,44583,25025090300,869,1004.101533,1004.101533,1025.2378,135.101533,156.237793
25025090400,139,425139,144226.47,3563.755141,64,38,1,0,0,4,4,19.58137315,80.41862685,0,4101,4.0966,41.7459,50465,25025090400,1321,1349.169474,1349.169474,1346.001,28.16947401,25.00097656
25025090600,140,301665,127480.6265,5911.382969,49,42,1,0,0,3,1,12.07227989,87.87966167,0,2450,7.1429,30.3673,53929,25025090600,461,1233.295005,1233.295005,545.2971,772.2950048,84.29711914
25025090700,141,1073065,439657.9169,24976.88024,101,132,1,0,0,25,4,0.397211414,99.60278859,0,4673,61.1599,6.0347,129896,25025090700,1596,660.2121764,660.2121764,1387.5643,-935.7878236,-208.4356689
25025091100,142,422042,202208.2063,5697.203486,43,45,1,0,0,7,1,5.24257188,94.75742812,0,4916,51.4239,8.7469,119250,25025091100,600,816.5375223,816.5375223,664.13086,216.5375223,64.13085938
25025091200,143,323612,142877.4391,8186.51296,68,44,0,0,0,9,3,10.09585237,89.90414763,0,3140,35.6688,17.3885,97829,25025091200,612,962.1844244,962.1844244,716.33496,350.1844244,104.3349609
25025091400,144,325020,128484.8357,2977.442143,41,29,0,0,0,3,0,20.62684168,79.37315832,0,2886,6.9647,41.7533,56745,25025091400,944,1037.590031,1037.590031,723.5194,93.59003111,-220.4805908
25025091500,145,404167,163569.0092,7118.903232,58,29,0,0,0,4,2,22.79643985,77.20356015,0,4588,13.5353,28.1604,53678,25025091500,1407,1414.030467,1414.030467,1191.2759,7.030466868,-215.7241211
25025091600,146,313158,138955.7692,5737.603652,33,53,0,0,0,7,1,4.48824727,95.51175273,0,3200,14.4375,21.375,50139,25025091600,1035,1134.756682,1134.756682,1144.9392,99.75668198,109.939209
25025091800,147,432066,166293.7721,6812.055664,40,31,0,0,0,4,0,11.63009194,86.67203543,0,3718,5.2448,42.1463,63310,25025091800,876,904.9811217,904.9811217,1130.2532,28.98112171,254.2531738
25025091900,148,481983,170288.635,6127.114301,55,37,0,0,0,3,1,40.10360198,59.89639802,0,4278,3.3427,57.2464,60859,25025091900,1155,1155.469071,1155.469071,1110.1428,0.469070792,-44.85717773
25025092000,149,489739,242553.3478,6278.718341,47,47,1,0,0,8,4,8.963270142,88.01540284,0,5180,7.7799,42.8185,65561,25025092000,2036,882.14912,882.14912,1683.1259,-1153.85088,-352.8741455
25025092200,150,582526,240193.2805,6591.523131,52,67,0,0,0,15,3,44.1894045,50.74686317,0,3602,20.8495,34.8418,96118,25025092200,797,875.5266993,875.5266993,963.5615,78.52669926,166.5615234
25025092300,151,342974,143379.7619,4843.987748,41,43,0,0,0,7,1,10.45961473,89.54038527,0,3301,3.605,61.5874,79265,25025092300,892,503.52003,503.52003,1146.773,-388.47997,254.7729492
25025092400,152,594486,228776.2678,8311.766381,55,52,0,3,0,6,4,21.03850471,78.02449856,0,6067,2.9834,49.1841,36167,25025092400,1937,1396.598453,1396.598453,1918.146,-540.401547,-18.85400391
25025100100,153,1036588,287073.1083,11645.86514,89,56,1,1,0,4,1,15.3422436,62.52935913,0,5722,2.6389,56.0818,35969,25025100100,5238,1331.851416,1331.851416,4289.09,-3906.148584,-948.9101563
25025100200,154,350641,132660.0077,4496.187312,39,26,1,0,0,3,0,19.91230973,80.08769027,0,2919,1.5759,67.2491,61047,25025100200,1014,628.3853828,628.3853828,1110.43,-385.6146172,96.43005371
25025100300,155,491877,182085.3386,7051.791259,48,32,0,0,0,6,3,31.04465286,68.80788061,0,3737,3.4252,67.0324,71262,25025100300,837,611.3886439,611.3886439,1192.0261,-225.6113561,355.026123
25025100400,156,626250,274713.1371,8876.790893,61,34,0,0,0,5,1,26.43353404,73.56646596,0,5068,15.1539,54.2423,94519,25025100400,1121,714.4006734,714.4006734,1236.2075,-406.5993266,115.2075195
25025100500,157,857716,330364.0941,9359.539008,85,73,1,0,0,7,2,30.92298847,66.39158521,0,6576,14.2032,46.5328,58750,25025100500,1540,1474.515817,1474.515817,1592.8762,-65.48418301,52.8762207
25025100601,158,552586,242038.3645,6847.869529,69,36,0,0,0,4,2,13.24301617,86.75698383,0,5342,39.2175,20.5915,78438,25025100601,1014,1181.069572,1181.069572,1035.5874,167.0695719,21.58740234
25025100800,159,1746759,354632.5508,14330.74212,113,97,0,2,0,9,2,45.5439835,41.23125852,0.44560165,5791,53.3414,18.1316,109722,25025100800,1402,1561.444871,1561.444871,1062.6287,159.4448711,-339.3713379
25025100900,160,953384,259684.6385,11957.69141,77,70,1,0,0,12,1,34.66165855,60.04460356,0,4148,23.9392,50.3616,99432,25025100900,755,821.7610469,821.7610469,980.7036,66.76104687,225.7036133
25025101001,161,1302132,353736.3023,12901.40181,98,81,0,0,0,5,2,55.52223555,40.46159314,0,5595,1.9124,77.5693,71761,25025101001,1616,1208.305688,1208.305688,1522.6521,-407.6943118,-93.34790039
25025101002,162,1164930,316338.983,8253.340663,90,62,1,2,0,10,0,43.87388058,53.91332391,0,5712,3.4139,67.437,44129,25025101002,1596,1430.741568,1430.741568,1245.9468,-165.2584323,-350.0532227
25025101102,163,561192,219415.4157,11489.62845,51,60,0,0,0,13,1,24.67814487,73.69836099,0,4766,1.2379,74.2971,60231,25025101102,1251,578.1918508,578.1918508,1313.6234,-672.8081492,62.62341309
25025110502,164,684300,270236.6008,11033.90112,74,134,3,0,0,25,7,28.25534079,71.74465921,0,4000,54.45,13.9,107174,25025110502,587,1021.099556,1021.099556,658.68164,434.0995558,71.68164063
25025110601,165,1406478,233486.2357,12640.94075,99,19,0,0,0,2,0,89.47843017,9.998975305,0,2639,82.0008,1.9704,196250,25025110601,269,1124.615367,1124.615367,125.981445,855.6153668,-143.0185547
25025130200,166,1352656,471778.3447,12628.11714,135,130,2,0,0,30,3,54.86913464,44.53280744,0,4708,79.9278,3.3135,157727,25025130200,729,1168.739226,1168.739226,714.916,439.7392264,-14.08398438
25025130402,167,1863873,520576.1128,17714.9232,138,145,2,0,0,17,4,37.54954018,60.16740371,0.390200609,4833,70.2255,6.1659,143656,25025130402,826,1289.839186,1289.839186,523.37537,463.8391864,-302.6246338
25025140102,168,2087649,514559.6489,21382.44461,106,80,2,3,0,1,2,41.49796756,48.82413705,1.368374452,4958,31.5046,40.0161,107830,25025140102,1061,1087.503232,1087.503232,1072.0459,26.50323182,11.04589844
25025071101,169,359031,271901.7971,10058.79622,39,147,0,1,0,25,2,13.52922183,85.67969002,0,4111,50.523,14.4977,83375,25025071101,368,845.3452039,845.3452039,272.9546,477.3452039,-95.04541016
25025000401,170,431042,195003.9181,1909.605127,31,21,0,0,0,8,2,20.44109736,79.55890264,0,5853,63.5059,3.0241,87630,25025000401,334,971.3825251,971.3825251,217.52856,637.3825251,-116.4714355
25025000402,171,806770,236730.0135,4767.983215,56,62,0,1,0,9,0,36.31571398,52.72538191,0,3644,69.3194,2.5521,128281,25025000402,1468,938.0863256,938.0863256,1174.0453,-529.9136744,-293.9547119
25025000201,172,599227,216407.4685,9392.77129,63,58,1,2,1,17,3,25.27027027,74.11679537,0,3953,68.6061,3.491,100114,25025000201,177,894.6266654,894.6266654,237.32849,717.6266654,60.32849121
25025000202,173,601636,233945.2278,9493.91712,54,51,3,0,0,7,5,24.66579798,72.87293084,0,4148,57.7146,5.3279,78281,25025000202,438,1163.542801,1163.542801,214.08276,725.5428015,-223.9172363
25025000301,174,571431,181171.6422,3963.469668,40,32,0,0,1,6,0,33.54999238,65.15513126,0,3136,70.727,3.8265,109010,25025000301,243,737.0104609,737.0104609,203.49866,494.0104609,-39.50134277
25025000302,175,589979,188542.4443,4368.245916,25,24,0,0,0,8,2,46.97487804,48.27428988,0,3072,65.8203,2.9622,92426,25025000302,418,823.8655323,823.8655323,470.6089,405.8655323,52.60888672
25025000701,176,230440,127483.4677,7393.826118,36,18,0,1,0,3,2,6.072416394,93.92758361,0,4517,58.5344,3.2101,72463,25025000701,322,1043.375979,1043.375979,441.10156,721.3759786,119.1015625
25025000502,177,847704,250201.125,14543.20087,51,83,0,0,1,19,3,24.45354856,42.05038883,0,6986,73.8334,4.9098,119605,25025000502,312,600.2040781,600.2040781,378.29688,288.2040781,66.296875
25025000601,178,495266,207391.1125,8455.5426,69,123,2,0,1,31,3,18.49186849,81.50813151,0,3758,62.0809,2.4747,127311,25025000601,258,789.6875344,789.6875344,485.74658,531.6875344,227.746582
25025040600,179,1436234,517973.6908,26218.19814,93,114,2,3,2,12,5,3.047577286,64.3593197,1.373445673,3683,80.9395,2.4165,197853,25025040600,462,-242.5209072,-242.5209072,291.3656,-704.5209072,-170.6343994